{
  "dim": 4,
  "flow_type": "masked_autoregressive_flow",
  "nn_depth": 5,
  "nn_block_dim": 8,
  "nn_width": 50,
  "flow_layers": 1,
  "invert": true,
  "cond_dim": null,
  "seed": 42,
  "standardize": true,
  "transformer_type": "rational_quadratic_spline",
  "transformer_knots": 10,
  "transformer_interval": 5.0,
  "parameter_names": [
    "mass_1_source",
    "mass_2_source",
    "lambda_1",
    "lambda_2"
  ],
  "data_bounds_mean": [
    1.6174209920463798,
    1.1690921271803427,
    284.6374164139447,
    708.0786255071305
  ],
  "data_bounds_std": [
    0.1738893587931653,
    0.10972644391112399,
    295.5898290990636,
    661.5931307376384
  ]
}