{
  "n_samples_total": 53945,
  "n_samples_used": 26973,
  "filepath": "./jesterTOV/inference/data//gw190425/gw190425_phenomdnrt-ls_posterior.npz",
  "parameter_names": [
    "mass_1_source",
    "mass_2_source",
    "lambda_1",
    "lambda_2"
  ],
  "n_parameters": 4,
  "flow_type": "masked_autoregressive_flow",
  "num_epochs": 134,
  "learning_rate": 0.001,
  "max_patience": 50,
  "val_prop": 0.2,
  "standardize": true,
  "data_mean": [
    1.7612113783320555,
    1.5508789587836616,
    446.363321540387,
    667.0343180699356
  ],
  "data_std": [
    0.08376343600410772,
    0.0689236043630885,
    505.1512840998894,
    752.7115111789377
  ]
}