{
  "flow_type": "masked_autoregressive_flow",
  "nn_depth": 4,
  "nn_block_dim": 8,
  "nn_width": 50,
  "flow_layers": 1,
  "knots": 8,
  "tanh_max_val": 3.0,
  "invert": true,
  "cond_dim": null,
  "seed": 0,
  "standardize": true,
  "transformer_type": "rational_quadratic_spline",
  "transformer_knots": 8,
  "transformer_interval": 4.0,
  "data_bounds_min": [
    1.6082089771072234,
    0.9538905589471387,
    0.00027828159322213,
    0.162761690581053
  ],
  "data_bounds_max": [
    3.0376939889265615,
    1.681608282405659,
    4995.440864711791,
    9999.66977305056
  ]
}