{
  "dim": 4,
  "flow_type": "masked_autoregressive_flow",
  "nn_depth": 5,
  "nn_block_dim": 8,
  "nn_width": 50,
  "flow_layers": 1,
  "invert": true,
  "cond_dim": null,
  "seed": 42,
  "standardize": true,
  "transformer_type": "rational_quadratic_spline",
  "transformer_knots": 10,
  "transformer_interval": 5.0,
  "parameter_names": [
    "mass_1_source",
    "mass_2_source",
    "lambda_1",
    "lambda_2"
  ],
  "data_bounds_mean": [
    1.7606709814841042,
    1.5532102080543708,
    393.86427176047835,
    535.2025985724849
  ],
  "data_bounds_std": [
    0.07833865168598751,
    0.06494364662947522,
    383.6254319784994,
    481.1072487624117
  ]
}