{
  "n_samples_total": 8078,
  "n_samples_used": 8078,
  "filepath": "../../../../../data/gw170817/gw170817_gwtc1_lowspin_posterior.npz",
  "flow_type": "masked_autoregressive_flow",
  "num_epochs": 2620,
  "learning_rate": 0.0001,
  "max_patience": 500,
  "val_prop": 0.2,
  "standardize": true,
  "data_bounds_min": [
    1.361042738425898,
    1.0451010016134252,
    0.003436306097533759,
    0.20447443150978017
  ],
  "data_bounds_max": [
    1.7992720474848107,
    1.3688138385960085,
    2847.2373630478146,
    3951.4111237921675
  ]
}