{
  "dim": 4,
  "flow_type": "masked_autoregressive_flow",
  "nn_depth": 5,
  "nn_block_dim": 8,
  "nn_width": 50,
  "flow_layers": 1,
  "invert": true,
  "cond_dim": null,
  "seed": 42,
  "standardize": true,
  "transformer_type": "rational_quadratic_spline",
  "transformer_knots": 10,
  "transformer_interval": 5.0,
  "parameter_names": [
    "mass_1_source",
    "mass_2_source",
    "lambda_1",
    "lambda_2"
  ],
  "data_bounds_mean": [
    1.7580108069325395,
    1.5545122885793192,
    466.39971757457323,
    669.7008392737225
  ],
  "data_bounds_std": [
    0.08207345965735639,
    0.06843443298724528,
    520.98089395902,
    752.7345334957078
  ]
}