{
  "dim": 4,
  "flow_type": "masked_autoregressive_flow",
  "nn_depth": 5,
  "nn_block_dim": 8,
  "nn_width": 50,
  "flow_layers": 1,
  "invert": true,
  "cond_dim": null,
  "seed": 42,
  "standardize": true,
  "transformer_type": "rational_quadratic_spline",
  "transformer_knots": 10,
  "transformer_interval": 5.0,
  "parameter_names": [
    "mass_1_source",
    "mass_2_source",
    "lambda_1",
    "lambda_2"
  ],
  "data_mean": [
    1.763052948617155,
    1.5468197845808294,
    458.92771288782995,
    661.5907954912466
  ],
  "data_std": [
    0.08419334671370349,
    0.06951564232105857,
    487.995898933767,
    666.8725701720059
  ]
}