{
  "n_samples_total": 23364,
  "n_samples_used": 23364,
  "filepath": "../data/gw190425/gw190425_taylorf2-ls_posterior.npz",
  "flow_type": "masked_autoregressive_flow",
  "num_epochs": 2809,
  "learning_rate": 0.0001,
  "max_patience": 500,
  "val_prop": 0.2,
  "standardize": true,
  "constrain_physics": false,
  "use_chirp_mass": false,
  "data_bounds_min": [
    1.6106533038018471,
    1.2769406580710023,
    0.0027564342314630955,
    0.0544472124416667
  ],
  "data_bounds_max": [
    2.1249425571040415,
    1.6950231482187168,
    4942.667543462624,
    4995.198046594999
  ]
}