{
  "n_samples_total": 23364,
  "n_samples_used": 23364,
  "filepath": "./jesterTOV/inference/data//gw190425/gw190425_taylorf2-ls_posterior.npz",
  "parameter_names": [
    "mass_1_source",
    "mass_2_source",
    "lambda_1",
    "lambda_2"
  ],
  "n_parameters": 4,
  "flow_type": "masked_autoregressive_flow",
  "num_epochs": 200,
  "learning_rate": 0.001,
  "max_patience": 50,
  "val_prop": 0.2,
  "standardize": true,
  "data_bounds_mean": [
    1.763052948617155,
    1.5468197845808294,
    458.92771288782995,
    661.5907954912466
  ],
  "data_bounds_std": [
    0.08419334671370349,
    0.06951564232105857,
    487.995898933767,
    666.8725701720059
  ]
}