{
  "flow_type": "masked_autoregressive_flow",
  "nn_depth": 4,
  "nn_block_dim": 8,
  "nn_width": 50,
  "flow_layers": 1,
  "knots": 8,
  "tanh_max_val": 3.0,
  "invert": true,
  "cond_dim": null,
  "seed": 0,
  "standardize": true,
  "transformer_type": "rational_quadratic_spline",
  "transformer_knots": 8,
  "transformer_interval": 4.0,
  "data_bounds_min": [
    1.6106533038018471,
    1.2769406580710023,
    0.0027564342314630955,
    0.0544472124416667
  ],
  "data_bounds_max": [
    2.1249425571040415,
    1.6950231482187168,
    4942.667543462624,
    4995.198046594999
  ]
}