{
  "dim": 4,
  "flow_type": "masked_autoregressive_flow",
  "nn_depth": 5,
  "nn_block_dim": 8,
  "nn_width": 50,
  "flow_layers": 1,
  "invert": true,
  "cond_dim": null,
  "seed": 42,
  "standardize": true,
  "transformer_type": "rational_quadratic_spline",
  "transformer_knots": 10,
  "transformer_interval": 5.0,
  "parameter_names": [
    "mass_1_source",
    "mass_2_source",
    "lambda_1",
    "lambda_2"
  ],
  "data_bounds_mean": [
    2.0094487061591106,
    1.3857390999680899,
    601.7796702933326,
    1347.388661576441
  ],
  "data_bounds_std": [
    0.25124542512857984,
    0.15231268371494816,
    742.8306165528818,
    1167.818965767241
  ]
}