{
  "n_samples_total": 28025,
  "n_samples_used": 28025,
  "filepath": "../data/gw190425/gw190425_taylorf2-hs_posterior.npz",
  "flow_type": "masked_autoregressive_flow",
  "num_epochs": 3000,
  "learning_rate": 0.0001,
  "max_patience": 500,
  "val_prop": 0.2,
  "standardize": true,
  "constrain_physics": false,
  "use_chirp_mass": false,
  "data_bounds_min": [
    1.6060256188614304,
    0.9141045300734533,
    0.0024457787925109323,
    0.02016974473706936
  ],
  "data_bounds_max": [
    3.117965865980652,
    1.683771536330953,
    4984.001211506188,
    4997.780042385099
  ]
}