{
  "n_samples_total": 46709,
  "n_samples_used": 46709,
  "filepath": "../../../../../data/gw190425/gw190425_phenompnrt-ls_posterior.npz",
  "flow_type": "masked_autoregressive_flow",
  "num_epochs": 3000,
  "learning_rate": 0.0001,
  "max_patience": 500,
  "val_prop": 0.2,
  "standardize": true,
  "data_bounds_min": [
    1.6033207383055592,
    1.260301129420437,
    0.00735915723009391,
    0.03532548982551843
  ],
  "data_bounds_max": [
    2.172661322593547,
    1.6876294495659923,
    4935.3471134152205,
    9590.196610261799
  ]
}